,wealth,p85,treat,buy
0,55269.64529104993,0.4874313425557159,1,1.0
1,6463.770113520417,0.3789700275126257,0,0.0
2,75228.13148693855,0.450953664987884,1,1.0
3,3659.623728351147,0.5055285807759362,1,0.0
4,12302.632156459258,0.4109432878783335,0,0.0
5,71234.4441112536,0.6703711901916409,0,0.0
6,30063.498456001103,0.053638765648778675,0,0.0
7,35782.919221073964,0.5043797066614704,1,1.0
8,22238.199196874288,0.5934608292150731,1,0.0
9,58830.20653844449,0.5421740376445927,0,0.0
10,23702.892021097687,0.5244421384756083,1,1.0
11,71228.27314528041,0.562525798527434,1,0.0
12,83998.43452376587,0.47613389261311356,1,1.0
13,74704.16262220684,0.5260245662701334,0,1.0
14,16855.032017149762,0.5932934714640756,1,0.0
15,25168.47904750421,0.5399633476107977,1,0.0
16,24214.37935079087,0.4692943007172137,0,0.0
17,59649.46447983058,0.5579251663913412,1,0.0
18,82693.02143616766,0.4140711647157089,0,0.0
19,28634.012277340014,0.46194878830509034,1,1.0
20,89267.42659685218,0.37077334961596753,0,0.0
21,38456.345815395885,0.09736146997586637,0,1.0
22,91867.67683269746,0.025,0,0.0
23,46443.97221622534,0.4689482895737549,0,0.0
24,40156.37148335433,0.1482096875480446,0,0.0
25,68382.81267177181,0.44991626703560433,1,0.0
26,85503.54106436839,0.5282809925129754,1,1.0
27,58609.77542125579,0.4687219943445273,1,0.0
28,71007.25507114972,0.09134695340669297,0,0.0
29,48176.8893433537,0.5966208934851054,1,1.0
30,22903.553449841107,0.5100244270552822,1,0.0
31,1461.4737409469724,0.5131407380370058,1,0.0
32,97835.23769097608,0.44259451038791464,1,0.0
33,60705.38417830739,0.49108412630187104,1,0.0
34,88856.21185387763,0.49407564409079624,0,0.0
35,24220.941995279256,0.22028939746104298,0,0.0
36,24428.87510847538,0.22860408445571762,0,0.0
37,56098.811669507166,0.5920308817875857,1,0.0
38,34548.91865602794,0.6493498686128387,0,0.0
39,12194.409330517175,0.5690474275292334,1,0.0
40,42413.09958211217,0.30486052062880176,0,0.0
41,47010.47536353525,0.5087393412537596,1,0.0
42,60338.96230720633,0.5982322953778609,1,0.0
43,17044.804625438526,0.6221604788962195,1,1.0
44,52579.041045520025,0.39435486505952577,0,0.0
45,89320.88573817823,0.5274878779134088,0,0.0
46,94730.02330548293,0.5694974545733658,0,0.0
47,70675.577130332,0.5344774235633357,1,0.0
48,16753.817253064884,0.5099303104354223,1,1.0
49,20622.442916398188,0.47596422632183233,1,0.0
50,31922.2692914677,0.41955789355955886,1,0.0
51,51374.861825874184,0.6039426377392606,0,1.0
52,83579.51765385974,0.46765731331266813,1,0.0
53,37055.04993673287,0.4334128750091419,0,1.0
54,11417.649527962249,0.5499487892159547,1,0.0
55,71844.58843636901,0.28852794395808923,0,0.0
56,57882.90824156588,0.43107046148888806,0,0.0
57,29985.507892847483,0.6149573302281627,0,1.0
58,10016.859267722955,0.3687917355934805,0,1.0
59,6392.406423011998,0.5706875825796528,1,0.0
60,54915.18307385942,0.5005288487895467,0,0.0
61,11511.55024623105,0.4879932573276945,1,0.0
62,18999.965878572733,0.5720100157077384,1,1.0
63,60601.353587045814,0.5534838751070533,1,1.0
64,52709.17371219763,0.42530192526820443,0,0.0
65,31822.35346283875,0.5262630703986438,0,0.0
66,986.8568463148986,0.5846838666657339,1,1.0
67,63111.25068062524,0.5708689637056239,1,1.0
68,58344.6207241369,0.5248414417021019,1,0.0
69,4290.101391832269,0.5458702353961937,1,0.0
70,40786.929962621085,0.3707276031591135,0,0.0
71,90405.50976771387,0.4964191589417052,1,0.0
72,45546.157257400366,0.28116367082093957,0,0.0
73,68233.97952528745,0.26637508868281634,0,1.0
74,12734.60935327474,0.6021556298953908,1,0.0
75,43326.70881949728,0.49125837247187043,1,0.0
76,90871.35511763289,0.5516154055489995,0,0.0
77,18722.175935840467,0.48144048630543185,1,1.0
78,90086.88023410997,0.5752631056591528,0,1.0
79,94488.28795716351,0.5879475269891443,0,0.0
80,1939.5577677509768,0.07002034349600067,0,1.0
81,73802.11831466635,0.6381590962330556,1,0.0
82,99526.32389478268,0.44313994404262474,0,0.0
83,26574.774990573093,0.25706570981507537,0,0.0
84,80079.86581005773,0.2637202688257838,0,1.0
85,77555.6203714552,0.4121483223986993,1,1.0
86,90770.91387266376,0.2429760488276664,0,0.0
87,57260.74690580097,0.5700241987243653,1,0.0
88,92697.78425815582,0.4985590373835187,0,1.0
89,71614.44031120752,0.5593720508832385,1,1.0
90,95002.06820659623,0.5657750031517248,1,0.0
91,71184.53260717342,0.8382836748929816,0,0.0
92,8570.084567059199,0.5612991595429249,1,1.0
93,37342.790666939996,0.41899247129741723,1,0.0
94,91072.32713101103,0.4623864897115566,1,0.0
95,29584.884998807825,0.5888726618044268,1,0.0
96,57559.91479091482,0.5059770658608211,1,0.0
97,61093.38619821448,0.4642257708342906,1,0.0
98,69189.0834378931,0.48117768048947956,0,0.0
99,21457.299126944385,0.5861140886435161,1,0.0
100,20171.958277715974,0.14726884691343106,0,0.0
101,47551.219994354884,0.5130802411260557,1,0.0
102,65252.22281733018,0.5688896011294564,0,0.0
103,26533.23719080811,0.6346062010257691,1,0.0
104,62731.9070941315,0.535450798110292,1,0.0
105,14293.844702449165,0.5969976158640907,1,0.0
106,1854.1329179057263,0.025,0,0.0
107,72034.48464211819,0.6050317493530013,1,0.0
108,76825.80121233193,0.10371486638404187,0,1.0
109,91097.37973687465,0.12595220041228927,0,1.0
110,6558.944975854042,0.5050021221628083,1,1.0
111,2842.9147162663203,0.5248685233790449,1,1.0
112,20785.859547222695,0.3345400915632455,0,0.0
113,17812.97141403325,0.6219457387754904,0,0.0
114,97973.80669106125,0.49302001695955866,1,0.0
115,27622.72980100128,0.50942587050943,1,0.0
116,33377.65087634685,0.4935808448909872,1,0.0
117,71764.26076277268,0.5447361558829106,1,0.0
118,35773.432881340574,0.3356171787663178,0,1.0
119,53908.37911039204,0.49044440088783925,1,0.0
120,3610.070112744412,0.5627089598792185,1,1.0
121,18415.261792574824,0.53652803198711,1,0.0
122,90866.01324287287,0.3666934067432387,0,0.0
123,29155.23565696384,0.3028321858584065,0,0.0
124,94745.79537638417,0.4276211425643108,0,0.0
125,76029.39138174093,0.40564234958802536,0,0.0
126,10719.994952559231,0.5004625779316607,0,0.0
127,22191.73691084193,0.2596715039697851,0,0.0
128,25205.075999129887,0.5269976482624102,0,0.0
129,39886.80017050421,0.4121483223986993,1,0.0
130,33707.41950085595,0.5315795318817155,1,1.0
131,51095.318983984704,0.48649476208932246,0,0.0
132,21884.39266093425,0.5940202149583097,1,0.0
133,92619.20547995176,0.7623685341260235,0,0.0
134,4435.597368748434,0.36635183084095285,0,0.0
135,13307.905317008263,0.2517355727660431,0,0.0
136,89818.59108547746,0.1688884266521883,0,0.0
137,45941.974233742774,0.3371275928280307,0,0.0
138,94618.11997994059,0.5482034198129109,0,1.0
139,10748.798342550326,0.387247453157349,0,1.0
140,16321.792666271827,0.7462318934546994,0,0.0
141,79184.787638845,0.6690593159524894,0,1.0
142,11047.120686205602,0.4880349724790509,1,0.0
143,15897.7304998155,0.3681967636639348,0,1.0
144,78994.23319564482,0.26999007867012703,0,0.0
145,77246.93838318002,0.4907213820370883,0,0.0
146,32265.688388704417,0.2306252263907377,0,0.0
147,84116.74988260707,0.47843413016784975,1,1.0
148,28907.909904540553,0.6327464453403839,0,1.0
149,81860.13775265831,0.3684253086371298,0,0.0
150,61579.450395496126,0.5777439722885184,1,0.0
151,79432.54331071839,0.5041946295239959,1,1.0
152,27049.120492580158,0.32423291486082007,0,0.0
153,20834.111329298343,0.2605830649970211,0,0.0
154,99046.97162331182,0.5652173488710666,0,0.0
155,3828.6556158146022,0.30035253235718695,0,0.0
156,83350.47075508597,0.4057067481933536,0,1.0
157,85709.76067793008,0.4255728327757332,1,0.0
158,57521.2003198438,0.2944438982396164,0,0.0
159,90711.0914072604,0.5128129376572915,1,1.0
160,64018.686987876674,0.38153885030477985,0,1.0
161,11586.670031945823,0.025,0,0.0
162,36776.05281496069,0.33958438543740727,0,0.0
163,44171.25277141609,0.48891855813023444,1,0.0
164,89989.27714633837,0.19023901172391705,0,0.0
165,71599.96241280175,0.2209160059184776,0,0.0
166,51202.46954341479,0.6995663488474488,0,1.0
167,71640.91296742378,0.35459380526645023,0,0.0
168,65011.86010872415,0.4834010643482713,0,1.0
169,55274.118029230034,0.523131008821357,1,0.0
170,35530.852778164124,0.4457110874027905,1,1.0
171,31373.36069878922,0.5542548455187888,0,0.0
172,72143.01697021424,0.27643117427608327,0,0.0
173,52185.28722289987,0.5987255209496363,1,0.0
174,1654.5851669704791,0.5126311868297416,1,0.0
175,55253.39177281876,0.5137209563593417,1,0.0
176,50090.78530314696,0.025,0,0.0
177,70625.15622958334,0.4466775408213687,0,1.0
178,98577.80092892637,0.14219754749840036,0,1.0
179,73607.14558485588,0.5816040964071492,0,0.0
180,59140.62337009991,0.49125186535521487,1,0.0
181,31832.2266204917,0.5392146048454534,0,1.0
182,45120.869815163234,0.4918521017451435,1,0.0
183,12782.851011897534,0.1505838778582626,0,0.0
184,8020.432195167626,0.5606331498352757,1,0.0
185,70876.32932595168,0.5399343454429524,0,0.0
186,72025.56888984077,0.5802856176375434,1,0.0
187,30960.800365030616,0.4530094320397189,1,0.0
188,76533.10345375435,0.6040893235444933,1,1.0
189,63512.510795687645,0.26872911167037045,0,0.0
190,42559.18680347977,0.6154745426862784,0,0.0
191,15090.79485185848,0.4121483223986993,1,0.0
192,47000.418076346796,0.6248120506406584,1,0.0
193,27409.777921746147,0.1701778150451687,0,1.0
194,35261.86321807916,0.6191947703078012,0,0.0
195,87812.39320189248,0.4657077076183255,1,0.0
196,88095.1783069301,0.5248700712003856,0,0.0
197,68267.67210121703,0.35583912905307463,0,1.0
198,14115.706415525343,0.5574708946833917,1,0.0
199,38679.87906474945,0.3695148720203791,0,0.0
200,43210.67631073464,0.5404656629273633,1,0.0
201,41463.30584920102,0.5383300633489462,1,1.0
202,89750.69765432563,0.6169095528666623,0,1.0
203,39109.53342139788,0.41528307582972573,1,0.0
204,29302.24647444324,0.3004582901344235,0,0.0
205,88218.04379821802,0.5017853397600348,1,0.0
206,56828.30121617195,0.5527739018863332,0,1.0
207,13622.303573810923,0.44101930358367125,0,0.0
208,19585.99375650527,0.6121060684509667,1,0.0
209,73233.99434473892,0.5204250458074456,1,0.0
210,72045.67924058065,0.43174667719101306,0,1.0
211,25683.43576031461,0.4121483223986993,1,0.0
212,19338.11677605223,0.45197330244101563,0,0.0
213,18222.74882937819,0.4449895625511263,0,0.0
214,33668.280405713114,0.5342442678199208,0,0.0
215,20461.560221802556,0.47488200172119355,1,0.0
216,22071.12220323113,0.6311768900989085,1,0.0
217,11203.207321853204,0.5718324242765906,1,0.0
218,63855.154754417155,0.5994486706839824,1,0.0
219,2171.170013810697,0.533480432875298,1,1.0
220,23693.01031097618,0.6903690308419956,0,1.0
221,68327.42549159192,0.6749391795504193,0,1.0
222,98208.65626800804,0.4612901302033922,1,1.0
223,26334.5433978016,0.42327002361568156,1,0.0
224,79023.93831382,0.469495273972611,1,1.0
225,25416.129688024237,0.35989756939979356,0,0.0
226,74010.84117775752,0.5743471664829712,1,0.0
227,46172.666215757905,0.3444509192950941,0,0.0
228,1871.983225557239,0.4121483223986993,1,0.0
229,75626.67615112301,0.16250322225851327,0,0.0
230,92063.23704795008,0.34964867308431324,0,0.0
231,18863.124601539384,0.6800415522464676,0,0.0
232,32381.56104633264,0.38758251764930685,0,1.0
233,85050.37951389639,0.7068221592374355,0,0.0
234,32192.516820319415,0.5039370257423367,1,0.0
235,23475.309037848878,0.10746771314660103,0,0.0
236,66639.24209237893,0.2854588156392408,0,1.0
237,97063.90663094961,0.6277065458017332,1,0.0
238,3802.4342890924713,0.5290861159397879,1,0.0
239,45667.713316036126,0.2783042407096842,0,0.0
240,35580.25707793072,0.7023796266244169,0,1.0
241,47802.06269845305,0.5624446181677785,1,0.0
242,38965.26143035195,0.46813329302870715,0,0.0
243,34607.12656355181,0.503759830368446,1,0.0
244,94261.11750958503,0.673390733099499,0,0.0
245,35497.39658168031,0.5155613840254067,1,0.0
246,78941.04553684274,0.5048289973497794,1,0.0
247,34650.54194735523,0.2056890500859789,0,0.0
248,63388.6036862363,0.8345412138730222,0,1.0
249,2759.561526444254,0.43033770437396857,0,0.0
250,17817.335027531666,0.594202559800641,1,1.0
251,95547.31606692824,0.48711491833399445,1,0.0
252,96729.89573920511,0.5602956405447164,1,1.0
253,91115.60965634427,0.19594436535195478,0,1.0
254,8647.312909407523,0.5720015412123117,1,0.0
255,53549.42588402682,0.5450291260506632,1,0.0
256,98687.26428979487,0.49490447877286836,0,0.0
257,60981.44210124574,0.5847217285751238,1,0.0
258,54744.25257233359,0.11499983676024939,0,0.0
259,86823.8836501813,0.5083281140008487,1,0.0
260,60659.704784439826,0.6293234586234563,1,0.0
261,61444.48057178201,0.6719610668479836,1,1.0
262,82524.67994105032,0.4297234767665554,0,0.0
263,90126.3645428592,0.46125093987415505,1,0.0
264,43042.84562793992,0.6108772849682504,0,0.0
265,59444.98796594767,0.49526445368055866,0,1.0
266,7826.265275259902,0.6272744693717223,1,1.0
267,67342.70104109807,0.4357875531712706,0,1.0
268,847.6829801052132,0.8076929591640213,0,1.0
269,85313.64637564158,0.11731046368948284,0,0.0
270,99128.96868441792,0.5808863220702811,0,0.0
271,95827.54637352629,0.1991607077348818,0,0.0
272,63536.28493202505,0.5159813209297259,1,0.0
273,22754.96499959766,0.7034614356559878,0,1.0
274,42020.64061002626,0.5855315604777762,1,0.0
275,94349.72166695313,0.265201411068537,0,0.0
276,13105.136213687163,0.4300511565128449,0,0.0
277,21341.43494236628,0.6985827965610358,0,0.0
278,61263.268960151705,0.6109045888194438,1,1.0
279,55744.00868158063,0.3783837065446925,0,0.0
280,83739.3604176167,0.025,0,0.0
281,67439.63996884646,0.6082448090594271,0,0.0
282,23538.808247669785,0.19661781187351002,0,0.0
283,81129.42368514437,0.5196568063660029,1,0.0
284,63259.365221780514,0.6537752904942951,0,1.0
285,39927.13699166045,0.46697106942114275,1,0.0
286,9654.091312831537,0.45922619103306495,0,0.0
287,53477.94247104268,0.5814274541777381,0,0.0
288,88088.3268666324,0.5174009590524089,1,1.0
289,76931.5828391917,0.5348679196367052,1,0.0
290,84639.93557893443,0.5593822256397902,1,0.0
291,98727.33221626162,0.4282617738168196,0,0.0
292,18832.138288175458,0.4945790053069339,1,0.0
293,99211.37806084962,0.5278694045777947,0,0.0
294,24605.939333404127,0.9023121660132976,0,0.0
295,28951.525650751188,0.46848103978376093,0,0.0
296,20365.312530724255,0.025,0,1.0
297,45163.349512975015,0.517083169921073,0,0.0
298,33649.71022836004,0.5283096204960751,1,1.0
299,39110.14351378453,0.6433629594203525,1,0.0
300,40161.05200550313,0.46929749705616647,0,1.0
301,94305.08151731027,0.5376805497168513,1,0.0
302,30844.18905287255,0.33766662478404297,0,1.0
303,8618.569934072184,0.515971982254491,1,1.0
304,24766.390121348035,0.4121483223986993,1,0.0
305,29495.115151394137,0.6002085211207849,0,1.0
306,61126.15538948334,0.6550815394314982,1,0.0
307,81560.4001813271,0.49872658276847653,1,0.0
308,53263.203239526614,0.5163484731065496,1,0.0
309,97794.96881640743,0.49293943159179465,1,1.0
310,54244.39678232578,0.2701431597643893,0,0.0
311,20802.8589740599,0.4480902912337154,1,1.0
312,81189.30401815339,0.5518008327281821,1,1.0
313,11559.964134934664,0.6615210555305917,0,1.0
314,70577.25805339405,0.5716268880903433,0,0.0
315,25855.803175847068,0.5046583658384928,1,0.0
316,22299.56671138449,0.6289360551495866,1,1.0
317,63908.5130603814,0.46910424481470736,1,0.0
318,26135.625075308468,0.4262467018281896,0,0.0
319,59577.70623040248,0.4711133136549065,1,0.0
320,2028.4932722415938,0.5652876180497096,0,1.0
321,31133.549463358522,0.22869814765495072,0,1.0
322,84578.82170223916,0.5623709572541842,0,1.0
323,59317.141250833636,0.6104559361560431,1,0.0
324,14177.547416855452,0.4304902934807604,0,0.0
325,21995.408368750966,0.5309712419635867,1,0.0
326,43361.34066195817,0.49430937709770606,1,0.0
327,22009.981376097454,0.5201666717274901,1,1.0
328,92742.38307577718,0.45737475779740244,1,1.0
329,36342.75956922834,0.4805198578967366,0,0.0
330,25005.527132336658,0.5632371578282767,0,0.0
331,77222.75855790777,0.4266502516771372,1,1.0
332,18389.35194140716,0.39561104107179423,0,1.0
333,83913.61968154271,0.5408437484347994,1,1.0
334,66585.2267431859,0.530859375896311,1,1.0
335,78043.80083200987,0.5435355567774983,1,1.0
336,37244.89151882584,0.6670185857005411,0,1.0
337,12577.249412748504,0.5323147536073816,1,0.0
338,75481.52029184376,0.16250958476518323,0,1.0
339,45636.73852574466,0.2523896871449486,0,0.0
340,64890.197971144684,0.5002260481282145,1,0.0
341,58909.72045314056,0.49340968069641766,0,0.0
342,21490.285655234497,0.41259504464846236,1,1.0
343,35337.42115891672,0.5854259365665011,0,0.0
344,55116.91510530853,0.4635206012352609,1,0.0
345,51195.279411900316,0.28969218515407147,0,0.0
346,61263.80717298685,0.6084800296234236,0,0.0
347,89942.03924434565,0.48558189245006456,1,0.0
348,49845.416127866025,0.5981001874871408,1,0.0
349,87532.36261530274,0.19523506989195735,0,0.0
350,12281.544548594336,0.5100822708298028,0,0.0
351,41509.230717236715,0.5263720145833833,1,0.0
352,38317.83024374404,0.4626412857808958,1,1.0
353,50390.82740599835,0.4594669601178403,1,0.0
354,59145.12025939466,0.5253259759508999,1,0.0
355,135.74900851004435,0.36222145452147736,0,1.0
356,46278.66174306875,0.12064597418340883,0,0.0
357,3677.0365638302715,0.4400365932067841,1,1.0
358,73495.24879569853,0.3292301723868824,0,1.0
359,34938.83326997081,0.49786841392267245,1,0.0
360,43508.600978201626,0.5597179580457303,1,1.0
361,40549.41313151152,0.517950998062027,1,1.0
362,55313.52563296337,0.18790333453555894,0,0.0
363,17138.299159786086,0.5361710865152557,1,1.0
364,78756.86559550592,0.527627168700441,1,0.0
365,59378.520260059275,0.2327466321636335,0,0.0
366,50628.90867622607,0.7064261712117545,0,0.0
367,32519.551493502717,0.5795201468925221,0,0.0
368,82723.11955342306,0.5546094280342916,1,1.0
369,52300.289422610535,0.5622310180183537,1,1.0
370,74505.75543150814,0.44544492810289515,1,0.0
371,27422.345268178615,0.5329074035199229,1,0.0
372,48823.88872000617,0.6419153717004358,0,0.0
373,58790.65320834443,0.5216689984758597,0,0.0
374,68506.50275880774,0.4896082700380119,1,1.0
375,71347.91732499882,0.4519225770940807,0,1.0
376,7538.86925778614,0.5409833405131754,1,0.0
377,65709.82267922601,0.265499715515664,0,0.0
378,28851.609548141165,0.536121111299897,0,1.0
379,95401.50759571113,0.13247880352314523,0,0.0
380,78988.36387972775,0.6396536776657769,1,0.0
381,87879.76413300155,0.42362614729485537,1,1.0
382,97292.30276819723,0.4816169461762627,0,0.0
383,7504.482154232251,0.2685711584678331,0,1.0
384,63084.19390125109,0.4832300642509497,0,0.0
385,12132.329701651468,0.6399899610800793,1,0.0
386,12940.785361103768,0.4161570244337727,0,0.0
387,80683.59198267134,0.5973071879182638,1,0.0
388,7070.092573872089,0.5042296679031746,0,0.0
389,30152.59240383187,0.5008092486030232,1,1.0
390,74432.80271614034,0.423842612686328,0,0.0
391,97531.57838429054,0.5791995566471712,1,0.0
392,84908.405180881,0.49004130975778826,1,0.0
393,90670.73133253353,0.4121483223986993,1,0.0
394,23996.32037766135,0.5170562915358295,1,0.0
395,6255.923359364313,0.1518966998981412,0,0.0
396,81283.88633507016,0.5850126258040105,1,0.0
397,17848.77835368015,0.5336338704443913,1,0.0
398,32071.665894247846,0.5249825947751556,0,0.0
399,39843.571064820106,0.532227053426718,0,1.0
400,96470.78246915928,0.44112675273262797,0,0.0
401,30455.002401458652,0.10278483603799693,0,0.0
402,40100.25999218746,0.6195207114689603,0,0.0
403,41754.931758412364,0.30467126248569837,0,0.0
404,2523.153566503633,0.18799417216792458,0,0.0
405,62057.98976782537,0.1929008438315202,0,1.0
406,26051.094336420232,0.3970379263341506,0,0.0
407,45108.5377091435,0.2726757451995606,0,1.0
408,65951.50332692267,0.4152312146584083,1,1.0
409,73661.0298936379,0.3035931954582121,0,0.0
410,24695.56513568081,0.39328926891840477,0,1.0
411,11655.155437449093,0.5197968650053083,1,0.0
412,99896.21005638945,0.5059261940532274,1,0.0
413,52108.24331329973,0.5166994837340312,1,1.0
414,5630.346107415141,0.3732333750961364,0,0.0
415,66576.50882752292,0.6193007579869443,0,0.0
416,4447.123052508284,0.5432046817612131,1,0.0
417,47849.881718975965,0.5999480246961728,1,0.0
418,34496.01674095477,0.09879980985043857,0,0.0
419,23775.709780526853,0.46518615472527136,1,0.0
420,36674.45510913785,0.5950912781976557,1,0.0
421,3550.1754104831475,0.49979257422301554,1,0.0
422,43379.83773925454,0.644420182617722,0,0.0
423,97113.7049496186,0.5250645097043424,1,0.0
424,66230.99818555407,0.5123851450811662,1,0.0
425,77963.47859638956,0.12369194217222379,0,0.0
426,75278.94916522187,0.3783572585387549,0,0.0
427,14939.874833341826,0.5613227389710965,0,1.0
428,56907.11321537505,0.5310997663600237,1,1.0
429,62412.02808085099,0.5503107066052837,0,0.0
430,63094.947109996545,0.594340259413257,0,1.0
431,2889.5029994768674,0.46723596280565766,1,0.0
432,36400.64446456004,0.5872055662426043,1,1.0
433,28975.08103227513,0.6614048510565347,1,0.0
434,28214.515304591947,0.5428653048594985,1,1.0
435,79702.11946717199,0.4523446484653171,0,0.0
436,19385.600681837434,0.6520002688104094,1,0.0
437,72830.89018074064,0.5360653459636233,1,0.0
438,51806.3274915302,0.28139659816143336,0,0.0
439,36045.37355450407,0.29685883374185623,0,0.0
440,96524.88443689188,0.5538424047413733,0,0.0
441,66168.52848199235,0.60541948183645,0,0.0
442,42064.64567878968,0.5672903591678483,1,0.0
443,34006.08697990085,0.23135435238239488,0,0.0
444,52077.69948989048,0.47950371176508805,1,0.0
445,67773.88341077376,0.4121483223986993,1,0.0
446,30114.810397631485,0.20677076497611047,0,0.0
447,49105.09682414058,0.5135638928203095,1,0.0
448,94433.55248197175,0.6423424702493818,0,0.0
449,34770.4787406933,0.14358920608011366,0,0.0
450,37750.98545313642,0.4682695775174545,1,1.0
451,4298.999014108107,0.5112666858319107,1,0.0
452,30307.888487608016,0.43821667832424877,0,1.0
453,28392.015115586466,0.6000964745633153,1,0.0
454,93740.22774155332,0.5163758972270794,1,0.0
455,94844.76455407396,0.15510008164911748,0,0.0
456,58564.99858221261,0.23254616397418518,0,0.0
457,76687.72732962972,0.5966028279173604,1,0.0
458,94892.1617048942,0.3168275225656225,0,0.0
459,45389.4769007239,0.5836363540909895,1,1.0
460,47506.73687283745,0.5907040975934683,1,1.0
461,21380.755091033665,0.18392428956541462,0,1.0
462,2709.8486648103326,0.4611479314059523,1,1.0
463,23188.44246990074,0.5607823314624404,0,1.0
464,83076.01276669954,0.49638367827784985,1,0.0
465,7150.546578544192,0.6251403064121478,1,0.0
466,22715.759593380448,0.6301502236348577,1,0.0
467,81833.9607576537,0.7716156582394794,0,0.0
468,33096.37686770583,0.6902756085559502,0,1.0
469,25691.38200774088,0.7240040244609446,0,0.0
470,68156.50678343434,0.8338373218002325,0,0.0
471,99784.2611097424,0.428405166510654,0,0.0
472,61748.81127471594,0.24626452418437703,0,0.0
473,70253.77505565234,0.9062017873931079,0,1.0
474,37156.10962196615,0.2930463240820445,0,0.0
475,65101.71709990391,0.5832311395142399,0,0.0
476,7555.5774854317415,0.5534622493290786,1,0.0
477,10487.133838002193,0.5825532558043267,1,0.0
478,81234.23368326348,0.025,0,0.0
479,76578.7550833854,0.4643498485024864,1,0.0
480,29313.521326759463,0.47600213248024464,1,0.0
481,97590.84683793939,0.48733502884507673,1,0.0
482,35661.34676209203,0.49127337337785815,1,0.0
483,79533.90471145992,0.4852204341035152,0,0.0
484,96886.84911667519,0.6318576807622406,1,1.0
485,78865.34139294276,0.7374547560742147,0,1.0
486,79829.10773028154,0.6739034649436011,1,0.0
487,48990.49726362329,0.38620209805014877,0,0.0
488,78363.75187386236,0.4245521915605486,0,0.0
489,20846.490118059424,0.5171420896126872,1,0.0
490,34768.70266162906,0.5061039700721203,1,0.0
491,93238.05216788067,0.5358712170215486,1,0.0
492,74796.6223147409,0.8117777894189333,0,0.0
493,16514.19658426774,0.5507714104943461,0,1.0
494,52653.298943547,0.11373417354643589,0,0.0
495,92751.87448306174,0.20100163440524543,0,1.0
496,91460.36907493064,0.24877428469682372,0,0.0
497,15702.881277606573,0.44933631125424467,1,0.0
498,56066.723741574664,0.5549932603610912,1,1.0
499,14370.099985118479,0.4128460480057054,0,0.0
500,17961.00522055222,0.5593169381904596,1,1.0
501,30783.44539661595,0.6174553644957819,0,1.0
502,7272.374863238129,0.526152155903505,1,0.0
503,50732.3237711813,0.6273985150671774,0,0.0
504,1901.6841670664974,0.45963224685093407,1,0.0
505,5975.133459718551,0.5011944642022897,1,0.0
506,22824.232969077075,0.4512640614638973,0,0.0
507,37314.67685115376,0.5406434176590174,0,0.0
508,12525.758014437637,0.5817870752835608,1,0.0
509,71761.37689274372,0.5530233079617924,1,0.0
510,11047.544569645528,0.4959694139225907,0,0.0
511,77068.80412101494,0.5624941612360512,1,1.0
512,72984.02476156197,0.5169503143012035,0,0.0
513,18558.420970893974,0.5013798314093627,1,0.0
514,50370.30564703605,0.5004717510496819,1,0.0
515,70889.66595295437,0.6004177637227182,1,0.0
516,54214.106337250014,0.6453826123571442,0,1.0
517,43207.44284000255,0.5597444093015101,1,0.0
518,8634.788465131282,0.5987886260598755,1,1.0
519,6813.6675985805305,0.07033648607475484,0,0.0
520,83504.56006601594,0.2420700945893338,0,0.0
521,97614.3428197444,0.48906493547348795,0,1.0
522,26666.872860344316,0.4316226719015401,0,0.0
523,35999.779038021894,0.025,0,0.0
524,13994.507594914618,0.5306498252033824,0,0.0
525,52667.3365112497,0.4905171409574393,1,0.0
526,99380.43009517503,0.38489079779965685,0,0.0
527,38258.950549787216,0.4984631491453289,1,0.0
528,38082.9479414288,0.4252657269194179,1,0.0
529,61251.33464496727,0.5480414508310301,1,0.0
530,55423.52370948067,0.5062580939733214,1,0.0
531,18161.556282441306,0.05879523951568605,0,0.0
532,64536.40090112418,0.31137030804663535,0,1.0
533,93093.5595838285,0.5790472893140354,1,0.0
534,5058.11646700901,0.5069471844916905,1,0.0
535,42552.19225875729,0.5187012844407521,1,0.0
536,41505.80334484098,0.5443980236191385,1,0.0
537,42542.73500963178,0.3130355259480153,0,0.0
538,39050.54854024063,0.45200573494862945,0,0.0
539,88486.96273160845,0.5139712657150305,0,0.0
540,58873.1076064543,0.6717882767759207,0,1.0
541,99003.47725316754,0.35445523074113694,0,0.0
542,29293.852094054295,0.4553441858252446,1,0.0
543,98220.37444072576,0.40497619143884533,0,0.0
544,36003.08665386722,0.5167928090552015,0,0.0
545,9853.124604096141,0.5766106975791351,1,0.0
546,36475.6206407866,0.504540098636954,0,0.0
547,6713.507347097058,0.4937701837147611,1,0.0
548,39651.75668158597,0.6234740757142495,0,1.0
549,25624.895693575134,0.361838786911765,0,1.0
550,72974.2802789667,0.5729615445420688,1,1.0
551,4607.176574531513,0.5142242972698714,1,0.0
552,22925.369281349307,0.456635324894142,1,0.0
553,7428.841572339229,0.4121483223986993,1,0.0
554,55435.6016034926,0.4979570479175311,0,0.0
555,33963.502730948836,0.3425627645492194,0,0.0
556,57066.11824669208,0.6518718028888484,1,0.0
557,78735.81134477448,0.43501716586062195,1,1.0
558,57416.388799744054,0.45728896444868844,1,0.0
559,78127.81620871401,0.5335542892770961,1,0.0
560,17088.010382191875,0.4121483223986993,1,0.0
561,33813.88784982629,0.47823782200755055,1,0.0
562,26619.099369428168,0.5339333758462289,1,1.0
563,5948.153323308925,0.5768864409287786,1,1.0
564,4771.525766940765,0.5255584615411876,1,0.0
565,3637.986060362464,0.5259181648796649,1,0.0
566,81230.3566432441,0.44232447527198504,0,0.0
567,29638.1582361546,0.47102146798271655,0,1.0
568,64053.394786409575,0.29308760018464697,0,1.0
569,16665.586640299036,0.633826597236537,1,0.0
570,13020.455718481295,0.6275043840117807,1,1.0
571,87157.16979169405,0.3998228466641088,0,0.0
572,37938.17628792932,0.5977654791511362,1,0.0
573,13236.463424686506,0.49099105766355206,1,0.0
574,33401.12280842429,0.6411600591828618,0,1.0
575,79128.94032768451,0.4429748324809082,1,1.0
576,2866.9189177896405,0.43631613336087416,1,1.0
577,9794.163836157642,0.17329263285592256,0,0.0
578,59466.98431168176,0.4473934528524053,0,0.0
579,84272.02206736091,0.3727310969285079,0,0.0
580,73442.1135263822,0.5223327739396778,1,0.0
581,57470.05087194397,0.43792616772004295,0,0.0
582,50589.23902936683,0.3624123168686636,0,0.0
583,60613.38321809365,0.3616237694394441,0,0.0
584,66775.22964443723,0.6927683692301478,0,1.0
585,98424.41365596588,0.6521909130574765,1,0.0
586,17901.00252019469,0.5004681911229465,1,0.0
587,12566.906491490348,0.31160892733827356,0,1.0
588,29502.173117185925,0.5453142107833113,1,0.0
589,73963.48183247763,0.2232329279850601,0,0.0
590,9311.608662726734,0.47759649640363955,1,0.0
591,6920.883049043614,0.3587732363354699,0,0.0
592,88690.59723751347,0.6721074498399996,0,0.0
593,95235.7596400279,0.5852959740906619,1,0.0
594,8278.761894030073,0.4121483223986993,1,0.0
595,13903.390504251545,0.5648072004749056,1,0.0
596,33970.23510071357,0.4817075238237769,0,0.0
597,35642.005450871715,0.5111356917235281,1,0.0
598,85036.24518247083,0.31833228154576404,0,0.0
599,89198.61808841267,0.2186665326995448,0,1.0
600,12384.4200951989,0.3831105595717725,0,0.0
601,43891.875621996114,0.3989052272845171,0,0.0
602,11135.019355605513,0.5351959858053791,0,0.0
603,91968.7962147805,0.5866282448902947,1,0.0
604,90312.61201334005,0.38628414760252217,0,0.0
605,30229.647065248733,0.6024222533177741,1,1.0
606,12325.469095785258,0.07097605658062833,0,0.0
607,74515.55695652409,0.025,0,0.0
608,76319.21752315274,0.4785968687044846,1,0.0
609,20577.006179558775,0.49355562652272783,1,1.0
610,77025.86267751823,0.43253636406699275,1,0.0
611,50673.95172369218,0.23300465413016186,0,0.0
612,70713.14102220017,0.3152030359252994,0,0.0
613,76167.54721352983,0.5449419535131258,1,0.0
614,91243.77043186313,0.5415047382271946,1,0.0
615,28562.31492354747,0.5524900524506582,1,0.0
616,75040.38607313915,0.4279160215138691,0,1.0
617,8162.321974937825,0.6205462856793005,1,0.0
618,59682.4995927848,0.4998028911421518,1,0.0
619,61078.6477492245,0.3514948786545729,0,0.0
620,1867.168527319285,0.5013452990744377,1,0.0
621,87344.89799635831,0.4994129845373944,0,0.0
622,70358.67455122781,0.6126402515086289,0,0.0
623,88160.0406454991,0.5537779519771755,1,0.0
624,71010.596697289,0.3568219728493066,0,0.0
625,23313.55134005142,0.31870472176178066,0,0.0
626,74372.23975122688,0.5856185682813302,0,1.0
627,23735.06849251332,0.4836651925805101,1,0.0
628,35264.57648560537,0.4710193339459545,1,0.0
629,75021.18502834623,0.6534760694174714,1,1.0
630,66949.99135283826,0.171283415297119,0,1.0
631,77698.39916288659,0.025,0,0.0
632,53269.014061711896,0.5185001198089046,1,0.0
633,96453.64059266423,0.22485888062863793,0,0.0
634,13793.65569615454,0.4768853902895935,1,0.0
635,82472.85784923194,0.6152766277725197,0,0.0
636,22670.533830066288,0.4794115659167505,1,0.0
637,21678.108159633048,0.5129577139755782,1,0.0
638,62805.75549661823,0.45942522893491833,0,0.0
639,29997.689421292685,0.3313123561543155,0,0.0
640,58175.32709367761,0.5107995275923108,0,0.0
641,21885.034491507628,0.9291673295030245,0,1.0
642,38224.81890522095,0.025,0,0.0
643,74736.57671859668,0.46424717277808464,0,0.0
644,66813.53321481163,0.5779759843165799,1,1.0
645,9509.451705986283,0.42186098781076686,1,1.0
646,21514.645879191896,0.6482210013099803,1,0.0
647,74931.5817771995,0.8349959907261473,0,0.0
648,25513.053131176355,0.5100655664129947,1,1.0
649,2080.539239497026,0.40607432748305894,0,0.0
650,63769.92577067216,0.5798774773096182,1,0.0
651,64703.34437686096,0.2833956243320073,0,0.0
652,58791.54938991853,0.23756954561704008,0,0.0
653,87345.19525763606,0.5637738024778188,1,0.0
654,64384.012146334055,0.5462074829334614,0,0.0
655,34480.38171222086,0.6701352418669086,0,0.0
656,36578.759245252935,0.5126942178570847,1,1.0
657,10026.507020583686,0.4846840274218077,1,1.0
658,32156.671471479225,0.4811622128366393,1,0.0
659,10622.754727867034,0.5284275870683464,0,0.0
660,50079.41885506706,0.4861461726160049,1,1.0
661,90652.42485587021,0.5530114013869664,1,0.0
662,85753.88489355854,0.4805553288547652,1,0.0
663,69624.38363554196,0.5500976694533765,1,0.0
664,84215.59224048871,0.5547439517229491,0,1.0
665,33438.896993533774,0.6185019844762749,0,0.0
666,59232.3739174043,0.8611396528060817,0,1.0
667,32613.69801087741,0.5136162228335743,0,1.0
668,69944.99447376146,0.5692081308657974,1,0.0
669,59946.17576175498,0.5713550205545441,1,0.0
670,40375.67771211843,0.6089043971277714,0,0.0
671,81799.77544244185,0.5647482717470029,1,1.0
672,29491.38479806752,0.550958459355747,0,0.0
673,99505.26444535986,0.3088848246503111,0,0.0
674,23972.498282479737,0.5695365310510405,1,0.0
675,64109.46029702062,0.4959833408484158,0,1.0
676,69068.63063810597,0.37646122388484154,0,1.0
677,22303.16302346086,0.40786846038709007,0,1.0
678,63244.00680246448,0.48526065848404826,1,0.0
679,5563.48583669849,0.562275872878746,0,0.0
680,36639.23075424571,0.5426772152293811,1,0.0
681,91355.0494513609,0.49290502593101726,1,0.0
682,99734.06119444562,0.648452258114416,1,1.0
683,63344.07624946702,0.5043154011354795,0,0.0
684,12062.294752851476,0.2965913859081139,0,0.0
685,45504.93139955498,0.5516197446628878,1,1.0
686,58726.83266470297,0.5260453004494129,1,0.0
687,37234.94255649793,0.4869249041201648,1,0.0
688,39401.25091780915,0.5248077674665995,0,0.0
689,76722.94483287465,0.5870283252928535,1,0.0
690,36107.56025497035,0.5243071512062554,1,0.0
691,79239.71338163638,0.2672799693039962,0,1.0
692,68403.19886415973,0.49113138703048675,0,0.0
693,1374.1991598972602,0.5608283131940814,1,1.0
694,98954.33342578636,0.5530349657851266,1,0.0
695,89657.42757463858,0.5276233877336868,1,0.0
696,78778.56217408084,0.6180080045190544,0,1.0
697,66222.98558061292,0.5012931254055324,0,0.0
698,96216.06535105788,0.589703256567427,1,0.0
699,59206.28252654475,0.4960035421199347,1,1.0
700,94489.26315597491,0.5882091742168525,1,0.0
701,82309.03166973931,0.7083370881871766,0,1.0
702,41114.11543922065,0.47897855238162484,1,0.0
703,49336.37419274257,0.4631871312551733,0,0.0
704,93.76795652933367,0.4710823272587436,1,0.0
705,60841.39207166667,0.46139025286826235,0,0.0
706,57933.37568193281,0.1415885599678503,0,0.0
707,30081.454561774688,0.5020415795637743,1,0.0
708,30452.675362206628,0.557596950309725,0,1.0
709,48428.97981427167,0.6165749271049615,1,0.0
710,12238.164395588801,0.5377063354438691,0,1.0
711,30557.45120587804,0.5320362660391559,1,1.0
712,39901.7729431465,0.6742813039891509,1,1.0
713,16622.31032987205,0.09899165585495845,0,0.0
714,98712.2143804526,0.33079220405134363,0,0.0
715,74743.91952060939,0.6166257095152017,0,1.0
716,54024.8265353512,0.547430101541814,1,1.0
717,96299.60323850387,0.7606487453179599,0,0.0
718,54762.82093953331,0.5777863562138787,0,0.0
719,17563.04041421578,0.5328224286793501,1,1.0
720,99813.25721923653,0.1374141980741267,0,0.0
721,12357.038966115353,0.5110555735194868,0,0.0
722,58326.05530720335,0.6340960855117143,1,1.0
723,38233.761261766376,0.4180218908623841,0,0.0
724,9032.1010488862,0.5118887136114314,0,0.0
725,56841.405946723535,0.2886053688359932,0,1.0
726,59957.95376485221,0.5997818467058672,0,0.0
727,50680.53596486555,0.4981941932923914,1,1.0
728,10297.93222172497,0.19642960167782486,0,0.0
729,59163.166734394414,0.5690355318202986,1,0.0
730,47156.79477137674,0.4121483223986993,1,0.0
731,46273.352955581126,0.48607090656949686,1,0.0
732,36412.37259321421,0.6216643523839287,1,0.0
733,96880.22736139536,0.49144679916308515,1,1.0
734,3342.97751203958,0.2757604809922286,0,0.0
735,96194.09098355036,0.5425787013453125,1,1.0
736,74102.76524929592,0.22923797792892342,0,1.0
737,62945.38401874951,0.2983751841676096,0,0.0
738,49979.50838200495,0.7028130712227143,0,0.0
739,26275.449482177748,0.25943899592027014,0,0.0
740,97362.97232083655,0.5143940810330407,1,0.0
741,46324.71268210667,0.553500513448427,1,1.0
742,53918.103789242035,0.4527595808062077,1,0.0
743,54657.57774060298,0.2894601103961965,0,0.0
744,69619.97490699933,0.346498212813076,0,1.0
745,25608.897663902273,0.5163609017032702,1,0.0
746,40980.340215590535,0.2049992833559381,0,0.0
747,66178.86296946237,0.5494216593688067,1,0.0
748,17154.33010545908,0.5315275352059469,1,1.0
749,78255.85404470355,0.5496572466559861,1,0.0
750,38540.08048258339,0.537032218717487,0,0.0
751,48848.2856265858,0.5462102086771263,1,1.0
752,59187.435829807335,0.36117925382173777,0,0.0
753,95194.17887000466,0.2873412673911021,0,0.0
754,85356.90087255722,0.5819379356307248,0,0.0
755,17577.92208388177,0.5222104789235478,1,0.0
756,37949.604535626415,0.6479845086703772,1,0.0
757,48216.382414732,0.4814875607382317,1,1.0
758,42686.583313396855,0.513140943676786,1,0.0
759,55761.54175351434,0.7293783881384166,0,1.0
760,60467.36640788208,0.39798360339778044,0,0.0
761,45846.595344689624,0.5189743496373043,1,0.0
762,64877.69209678784,0.2714955494498489,0,0.0
763,5453.203109973881,0.7084985722652384,0,0.0
764,27569.19518646844,0.5679213664706444,0,0.0
765,9525.066401407834,0.5655588703412511,1,1.0
766,65570.7823652649,0.41434525354847584,0,0.0
767,30579.551596528443,0.3925215462645549,0,0.0
768,45184.952609485794,0.25652352026414205,0,0.0
769,29429.47822589198,0.40229326116606456,0,0.0
770,23435.536801408376,0.5185699518398291,1,0.0
771,77976.40834078961,0.1950955826948338,0,0.0
772,92904.71162706226,0.2589576745887045,0,1.0
773,99327.3132475889,0.5639189284491889,1,1.0
774,12861.45899477944,0.34889316551707544,0,0.0
775,9601.366388195043,0.46959069412236126,1,1.0
776,14463.669897256814,0.5135014440023995,1,0.0
777,75091.77822414342,0.2929556412983779,0,0.0
778,55344.316422565775,0.5605239112154874,1,0.0
779,18392.489826544734,0.627513211096081,1,0.0
780,46734.61840202186,0.264641447884329,0,0.0
781,82664.17553112419,0.3338262217569406,0,0.0
782,90909.03037459725,0.8769156140934045,0,0.0
783,47783.871154574066,0.4344148348186324,1,0.0
784,47202.97532077221,0.5395849552846805,1,0.0
785,58580.16111412099,0.5833941636038988,0,1.0
786,21341.304374501357,0.5126374833303652,1,0.0
787,20791.30259768095,0.404645485556812,0,0.0
788,89426.97223226169,0.605567066338573,1,0.0
789,47655.90328681036,0.48711577684319907,1,0.0
790,95400.15470251048,0.4860507102031292,1,1.0
791,82949.28884002751,0.5379576627612723,1,0.0
792,69014.7786956915,0.18019573418964444,0,0.0
793,33705.70102008548,0.3177900155126957,0,0.0
794,87042.86727455385,0.13371887344399414,0,0.0
795,18357.50554267617,0.519554309420183,1,0.0
796,66323.55298617623,0.74008116865213,0,0.0
797,64004.70962501838,0.29811915824669355,0,0.0
798,50264.643803902356,0.5268979246137009,0,1.0
799,41234.83514598163,0.42582542712473365,0,0.0
800,677.9155174312268,0.5462004437924199,0,0.0
801,42545.165468220446,0.4108119749844029,0,0.0
802,39695.37951793376,0.5420712644827775,0,0.0
803,4807.302513522849,0.4121483223986993,1,0.0
804,38623.913270941244,0.5028295788496571,1,1.0
805,74429.80454666495,0.2846041637499076,0,0.0
806,38199.06067825639,0.4533214463480769,0,1.0
807,3330.051175131654,0.49247177694528704,0,0.0
808,75997.49844031752,0.4168334531199994,0,0.0
809,98740.15967713237,0.43417810955414876,1,0.0
810,52474.015296062105,0.6196934291096614,1,0.0
811,62479.23380920015,0.5008852282416297,1,1.0
812,67191.80510945457,0.47885318875225386,1,0.0
813,12966.124023077418,0.6478866818714911,0,0.0
814,25088.463592797583,0.4121483223986993,1,0.0
815,14860.16047223807,0.4395210444905377,0,0.0
816,7088.652709991617,0.5991092336105134,1,0.0
817,78827.40369473686,0.4969454268915381,0,0.0
818,83644.79930224066,0.24444844495955179,0,1.0
819,7844.894149925641,0.5355908705807958,1,0.0
820,630.3792625560911,0.6718244718074771,0,0.0
821,83127.34065577909,0.22664715551332745,0,1.0
822,24593.66344193672,0.4481075817866117,1,0.0
823,44545.05794485932,0.3248009366566733,0,0.0
824,21233.05533697797,0.4583648727502687,0,1.0
825,4693.041306988111,0.6046187226166472,1,1.0
826,59048.240918264164,0.6190615858635881,1,0.0
827,35673.10341881491,0.5211735201253566,1,0.0
828,85527.62558652733,0.6917506587504503,1,0.0
829,68883.86473400626,0.5503501536821076,1,0.0
830,53921.164604470374,0.5849679637900831,0,0.0
831,55205.447154630514,0.5745331458277015,0,0.0
832,24454.714811769463,0.4646238585142522,1,0.0
833,76228.47775581735,0.1422066188611925,0,0.0
834,34740.10967875843,0.6013427711436672,1,1.0
835,63600.2350930443,0.2534135596800603,0,0.0
836,33085.35770071859,0.561598015406882,0,0.0
837,22780.459778725948,0.5506865956990112,0,0.0
838,60585.4584124217,0.6450314158707124,0,0.0
839,86139.6739066211,0.5804927889593158,1,0.0
840,74519.25402812593,0.5104398390625426,1,0.0
841,90885.34169275739,0.5063780539182882,1,1.0
842,48285.880121124836,0.275049161434449,0,0.0
843,20269.469250640603,0.5763605528669764,0,0.0
844,86056.46421051973,0.5868857513415118,1,0.0
845,72157.76038904456,0.6254417100773197,1,1.0
846,57378.70660871981,0.24638579351665665,0,0.0
847,64572.200928029575,0.6385450375669751,1,1.0
848,18354.036873496472,0.34538215191150623,0,0.0
849,34995.44125758195,0.7085854290515619,0,0.0
850,29584.566501583642,0.6198156093661127,0,0.0
851,62232.06612789601,0.5429240790047731,1,1.0
852,77135.486861148,0.1359712884967278,0,0.0
853,67563.06049826388,0.43357947695491755,0,0.0
854,80154.36582185583,0.4296144380807995,1,0.0
855,45434.956683566044,0.21913452381543358,0,0.0
856,19993.185893717946,0.6113030668682615,0,1.0
857,55871.543746723175,0.3589791349944965,0,0.0
858,87871.5614767119,0.7041671929740554,0,1.0
859,55533.280877859645,0.5083293320094753,1,0.0
860,60069.580184415165,0.5161523245712362,0,0.0
861,41691.1766320225,0.6555914504679885,1,0.0
862,50623.35939693251,0.2194087306559712,0,0.0
863,13267.048140360816,0.5070483878252918,0,0.0
864,54681.37465257208,0.49132557506034835,0,1.0
865,9320.578058026973,0.5001814945815221,1,0.0
866,41019.57704094639,0.4121483223986993,1,0.0
867,2075.3734786724376,0.16243389622376123,0,0.0
868,25677.436787992403,0.5715768944824806,1,0.0
869,91478.05698906005,0.16731560204783114,0,0.0
870,31233.222933351968,0.5320776540474004,1,1.0
871,58209.49504568785,0.48401066343943655,1,0.0
872,31792.28017333927,0.34752583886825533,0,1.0
873,15340.634511717742,0.3581898501416866,0,0.0
874,82653.92561470969,0.5450046734352063,0,0.0
875,25900.30963926462,0.23018988509154295,0,0.0
876,55848.77971531387,0.45464111715060557,1,0.0
877,11856.338400892508,0.4514532918618127,0,0.0
878,69537.26838878634,0.48604434108261746,1,0.0
879,53728.50280650348,0.4386043531684552,1,0.0
880,98174.1251280944,0.32001353975858005,0,0.0
881,70441.02528855561,0.1282587298021799,0,0.0
882,68411.02042894883,0.4505949955748062,1,1.0
883,3774.194448699031,0.5283284933666337,0,1.0
884,8818.406250085975,0.4134246938407233,1,0.0
885,49535.583451548584,0.37475788858204684,0,0.0
886,10167.577470151979,0.4566462655105883,0,0.0
887,25752.027167975066,0.555683370857772,0,1.0
888,64322.28970430899,0.6682937911854141,1,0.0
889,64597.67428996409,0.5360484265767335,1,0.0
890,44440.87910714334,0.5084249326176384,1,0.0
891,94859.98133960213,0.5993878741662435,1,1.0
892,20584.540172370413,0.2786714247189843,0,0.0
893,56767.044013603765,0.531063037864473,0,0.0
894,89561.73196651264,0.3421701095930371,0,0.0
895,2133.732510924735,0.33880993821003963,0,0.0
896,75242.97565845324,0.3069260075707815,0,0.0
897,20334.570357692082,0.48018052602486316,1,0.0
898,66758.7860992587,0.025,0,0.0
899,3230.2941275139997,0.37824022162343,0,0.0
900,70050.57630302243,0.5206282950094773,1,1.0
901,24059.018086043736,0.42444808592543765,1,0.0
902,12689.475075928669,0.13510335394320838,0,0.0
903,10015.82323183463,0.6106709671958833,1,1.0
904,4796.76892274592,0.5619256471934146,1,1.0
905,14529.244653381034,0.14923282820765887,0,0.0
906,68687.95012383284,0.5824796925174283,0,1.0
907,74935.11593365822,0.16552065125042287,0,0.0
908,62823.10936593183,0.5267046631702713,1,0.0
909,22646.258377671,0.17728262467556133,0,0.0
910,62391.60486751463,0.5075939072969102,1,0.0
911,56458.86136752633,0.4458936755378713,0,1.0
912,36690.8535132919,0.5580892353642023,1,0.0
913,3831.8095455972534,0.6955031008415065,0,0.0
914,56208.94367570255,0.6071527320650227,1,1.0
915,69534.08498521062,0.5209259980098494,0,0.0
916,27089.849562377065,0.5617480372757278,1,0.0
917,27505.198316307255,0.518224499489638,1,1.0
918,10530.921469159215,0.5703045808110085,1,0.0
919,72093.7093765761,0.5276393898041916,1,0.0
920,59170.90213881192,0.4430792570667025,1,0.0
921,96251.39024251903,0.7336114719916758,0,0.0
922,37469.48725639173,0.17213279039205603,0,0.0
923,35739.51997209852,0.5975045330289869,0,0.0
924,40591.65418883167,0.4121483223986993,1,0.0
925,98589.53250717533,0.5283573555127045,1,0.0
926,92395.37500124729,0.858636079978872,0,1.0
927,3816.4666083241204,0.2459488429413309,0,1.0
928,51496.41876183815,0.46953602406595757,1,0.0
929,70992.08197925208,0.4882273121826681,1,0.0
930,89493.08742521066,0.1558998896164565,0,0.0
931,41620.69350059919,0.5423081077631247,0,1.0
932,11464.846769266534,0.5252271624040707,1,0.0
933,80455.47998042947,0.13633844556155583,0,0.0
934,32881.00655018035,0.5201298558782869,1,0.0
935,54571.26519755323,0.5704884652410419,1,0.0
936,16983.948634121847,0.4184971853803863,0,0.0
937,46137.37247383364,0.2045804801505856,0,0.0
938,52654.20091180718,0.4692523198333628,0,0.0
939,95843.32641631544,0.48638110867461365,1,0.0
940,80164.22045442037,0.5604041004433495,0,0.0
941,22654.58949551972,0.05936054770929122,0,0.0
942,22097.636887530312,0.26692033294274214,0,1.0
943,19128.94789207111,0.5142740945788158,1,0.0
944,45037.458650782544,0.23177192081594988,0,0.0
945,13640.635741317086,0.5125794668965374,1,0.0
946,23723.614273182724,0.434288045304578,1,0.0
947,42367.121537440355,0.6044755935929412,1,0.0
948,22010.398537378605,0.5828843916080305,0,0.0
949,4051.5647015386903,0.5454995635420635,0,0.0
950,76657.2286313804,0.30027751528681756,0,0.0
951,97600.1852755165,0.5855336890917947,1,1.0
952,67570.77235475303,0.49300019686874197,1,1.0
953,21698.09165181433,0.3995028908275547,0,1.0
954,53831.55149977926,0.1502122113591992,0,0.0
955,18934.131979564194,0.29885852083184755,0,0.0
956,62871.197429929656,0.657769628087097,0,0.0
957,39732.27421563992,0.5721526657154953,0,0.0
958,36676.866109801544,0.351596897282712,0,0.0
959,31543.510133641827,0.5429037100226912,1,0.0
960,1030.5484457635905,0.5770253977592548,0,1.0
961,94671.32961270356,0.5644291279564415,1,0.0
962,51645.07518597138,0.46353770907678327,1,0.0
963,52570.56517942426,0.5777046927575383,1,1.0
964,95721.25301140701,0.5333895287278809,1,0.0
965,51294.11034237965,0.5921176761711342,1,0.0
966,15853.68396488619,0.2739739290057386,0,0.0
967,66683.61720802344,0.4540594521252387,1,1.0
968,82157.04260235473,0.6550254281832399,1,0.0
969,10028.57262790936,0.5907437020624693,1,1.0
970,51488.05415495725,0.2195057134422509,0,0.0
971,98818.31437523384,0.5554220512110537,0,0.0
972,9530.780302463294,0.22162000705545665,0,0.0
973,85081.67311762432,0.5282804484874801,1,0.0
974,22304.986069518305,0.5277152096326753,1,1.0
975,36373.896415086216,0.586200540293145,1,0.0
976,54630.467395157226,0.5655002275744861,1,0.0
977,73126.27834803113,0.5223916120874887,1,0.0
978,78926.6825320882,0.4535197105598074,1,1.0
979,5150.198523451821,0.2285774870763899,0,1.0
980,28483.882810242823,0.41701298284183524,1,0.0
981,74051.44997954962,0.8636414045802782,0,1.0
982,48530.0882603906,0.508377399032661,1,0.0
983,15413.811754014672,0.5751546394687918,1,1.0
984,3937.208008060966,0.23210963237666496,0,0.0
985,93701.51866423782,0.43339549731305105,0,1.0
986,95104.71921094722,0.5484568984745445,1,1.0
987,58043.25104706721,0.553819976287251,1,0.0
988,61933.35999503463,0.407219063747089,0,0.0
989,428.5289121342739,0.27830986141060043,0,1.0
990,57245.6053709784,0.31427413647372293,0,0.0
991,97238.60278080987,0.3210607627544503,0,0.0
992,92934.919676476,0.6147530145933751,1,0.0
993,50590.89060692826,0.5712979870592231,1,1.0
994,95837.15461974805,0.45404517023064656,1,0.0
995,94555.80742266374,0.49374081818453125,1,0.0
996,18543.951840253703,0.22218728037525545,0,0.0
997,76122.78662180991,0.5322414581016097,1,0.0
998,95238.49207818958,0.8876914019991444,0,1.0
999,77611.77066438219,0.5943191078546733,1,1.0
